{
  "project_info": {
    "project_number": "456720210106",
    "firebase_url": "https://prototype-1-b8457.firebaseio.com",
    "project_id": "prototype-1-b8457",
    "storage_bucket": "prototype-1-b8457.appspot.com"
  },
  "client": [
    {
      "client_info": {
        "mobilesdk_app_id": "1:456720210106:android:5c94549ebfb3f5bf4d0a83",
        "android_client_info": {
          "package_name": "com.example.a327_prototype_1"
        }
      },
      "oauth_client": [
        {
          "client_id": "456720210106-262k3sgfcdmgrogpg2pshiu330k2qc0l.apps.googleusercontent.com",
          "client_type": 1,
          "android_info": {
            "package_name": "com.example.a327_prototype_1",
            "certificate_hash": "caf1e62f30445e330c3ee7e9d78fd00411809301"
          }
        },
        {
          "client_id": "456720210106-m7dht7atdghkamddbm0f686b7n0gd6md.apps.googleusercontent.com",
          "client_type": 3
        }
      ],
      "api_key": [
        {
          "current_key": "AIzaSyAsOwK2F3DqBEfQBOxfqnBd6wLjrHGeo_s"
        }
      ],
      "services": {
        "appinvite_service": {
          "other_platform_oauth_client": [
            {
              "client_id": "456720210106-m7dht7atdghkamddbm0f686b7n0gd6md.apps.googleusercontent.com",
              "client_type": 3
            }
          ]
        }
      }
    }
  ],
  "configuration_version": "1"
}